item_id,trigger,per_minute,dmg_type,min_dmg,max_dmg,raw
11280396,On a hit this spell may cast Reckless Abandon on caster.  Lasts for 10.0 seconds.  Triggers about 1.8 times per minute.,1.8,,0,0,On a hit this spell may cast Reckless Abandon on caster.  Lasts for 10.0 seconds.  Triggers about 1.8 times per minute. | Increases DPS of caster by 25.0. | Decreases the caster's effectiveness of worn armor vs physical damage by 10%. | Cannot be modified except by direct means
37982706,On a hostile spell cast this spell may cast Ethereal Charge on caster.  Lasts for 15.0 seconds.  Triggers about 1.6 times per minute.,1.6,,0,0,On a hostile spell cast this spell may cast Ethereal Charge on caster.  Lasts for 15.0 seconds.  Triggers about 1.6 times per minute. | Reduces spell casting time by 50% and resistibility by 10%. | Cannot be modified except by direct means
56827298,On a ranged hit this spell may cast Wind Scar on target of attack.  Triggers about 1.8 times per minute.,1.8,,0,0,On a ranged hit this spell may cast Wind Scar on target of attack.  Triggers about 1.8 times per minute. | Inflicts 335 piercing damage on target. | Cannot be modified except by direct means
129756802,On a combat hit this spell may cast Fearful Lament on target of attack.  Lasts for 4.0 seconds.  Triggers about 2.0 times per minute.,2,,0,0,On a combat hit this spell may cast Fearful Lament on target of attack.  Lasts for 4.0 seconds.  Triggers about 2.0 times per minute. | Stuns target | If Target is not Epic | Resistibility increases against targets higher than level 89. | Cannot be modified except by direct means
129756802,On a hostile spell cast this spell may cast Fearful Lament on target of spell.  Lasts for 4.0 seconds.  Triggers about 2.0 times per minute.,2,,0,0,On a hostile spell cast this spell may cast Fearful Lament on target of spell.  Lasts for 4.0 seconds.  Triggers about 2.0 times per minute. | Stuns target | If Target is not Epic | Resistibility increases against targets higher than level 89. | Cannot be modified except by direct means
132339520,On a spell cast this spell may cast Plasma Amplification on caster.  Lasts for 16.0 seconds.  Triggers about 1.8 times per minute.,1.8,,0,0,On a spell cast this spell may cast Plasma Amplification on caster.  Lasts for 16.0 seconds.  Triggers about 1.8 times per minute. | Increases Potency of caster by 10.0. | Cannot be modified except by direct means
166010030,On a healing spell cast this spell may cast Presence of Mind on caster.  Lasts for 20.0 seconds.  Triggers about 1.8 times per minute.,1.8,,0,0,On a healing spell cast this spell may cast Presence of Mind on caster.  Lasts for 20.0 seconds.  Triggers about 1.8 times per minute. | Reduces the power cost of the casters next spell by 100%
251951550,On a combat hit this spell may cast Countenance of Marr on caster.  Lasts for 15.0 seconds.  Triggers about 1.8 times per minute.,1.8,,0,0,On a combat hit this spell may cast Countenance of Marr on caster.  Lasts for 15.0 seconds.  Triggers about 1.8 times per minute. | Increases DPS of caster by 15.0. | Enlarges caster by 40.0%. | Increases STR of caster by 50.0. | Cannot be modified except by direct means
295658383,On a spell cast this spell may cast Sparkling Blessing on target of spell cast.  Lasts for 12.0 seconds.  Triggers about 1.8 times per minute.,1.8,,0,0,On a spell cast this spell may cast Sparkling Blessing on target of spell cast.  Lasts for 12.0 seconds.  Triggers about 1.8 times per minute. | Increases the damage and healing amount of the caster's spells by 15 | Cannot be modified except by direct means
322579472,On a combat hit this spell may cast Power of Time on target of attack.  Lasts for 10.0 seconds.  Triggers about 1.8 times per minute.,1.8,,0,0,On a combat hit this spell may cast Power of Time on target of attack.  Lasts for 10.0 seconds.  Triggers about 1.8 times per minute. | Decreases Haste of target by 15.4. | Cannot be modified except by direct means | Will trigger off of pierce abilities.
356601850,On a combat hit this spell may cast Stun V on target of attack.  Lasts for 3.0 seconds.  Triggers about 1.0 times per minute.,1,,0,0,On a combat hit this spell may cast Stun V on target of attack.  Lasts for 3.0 seconds.  Triggers about 1.0 times per minute. | Stuns target | Does not affect Epic targets | Resistibility increases against targets higher than level 89. | Cannot be modified except by direct means
427882873,On a combat hit this spell may cast Fear VI on target of attack.  Lasts for 3.0 seconds.  Triggers about 1.2 times per minute.,1.2,,0,0,On a combat hit this spell may cast Fear VI on target of attack.  Lasts for 3.0 seconds.  Triggers about 1.2 times per minute. | Slows target by 31.4%. | Does not affect Epic targets | Cannot be modified except by direct means
440094322,On any combat or spell hit this spell may cast Sap of Growth on target of attack.  Lasts for 24.0 seconds.  Triggers about 1.8 times per minute.,1.8,,0,0,On any combat or spell hit this spell may cast Sap of Growth on target of attack.  Lasts for 24.0 seconds.  Triggers about 1.8 times per minute. | Decreases Haste of target by 10.0. | Cannot be modified except by direct means
449655959,On a spell cast this spell may cast Scintillating Blessing on target of spell cast.  Lasts for 12.0 seconds.  Triggers about 1.8 times per minute.,1.8,,0,0,On a spell cast this spell may cast Scintillating Blessing on target of spell cast.  Lasts for 12.0 seconds.  Triggers about 1.8 times per minute. | Increases the damage and healing amount of the caster's spells by 75 | Cannot be modified except by direct means
457044369,On a hostile spell cast this spell may cast Essence Shift on target of spell.  Triggers about 1.4 times per minute.,1.4,magic,172,211,On a hostile spell cast this spell may cast Essence Shift on target of spell.  Triggers about 1.4 times per minute. | Inflicts 172 - 211 magic damage on target. | Increases power of caster by 171 - 209. | Cannot be modified except by direct means
477317998,On any combat or spell hit this spell may cast Savagery II on caster.  Lasts for 20.0 seconds.  Triggers about 1.8 times per minute.,1.8,,0,0,On any combat or spell hit this spell may cast Savagery II on caster.  Lasts for 20.0 seconds.  Triggers about 1.8 times per minute. | Increases DPS of caster by 25.0. | Cannot be modified except by direct means
485108314,On any combat or spell hit this spell may cast Absolve Vitae on target of attack.  Triggers about 1.8 times per minute.,1.8,heat,504,839,On any combat or spell hit this spell may cast Absolve Vitae on target of attack.  Triggers about 1.8 times per minute. | Inflicts 504 - 839 heat damage on target. | Heals caster for 356. | Cannot be modified except by direct means
491581156,On a spell cast this spell may cast Sparkling Blessing on target of spell cast.  Lasts for 12.0 seconds.  Triggers about 1.8 times per minute.,1.8,,0,0,On a spell cast this spell may cast Sparkling Blessing on target of spell cast.  Lasts for 12.0 seconds.  Triggers about 1.8 times per minute. | Increases the damage and healing amount of the caster's spells by 15 | Cannot be modified except by direct means
535672845,On a melee hit this spell may cast Strike of Thorns on target of attack.  Triggers about 1.8 times per minute.,1.8,,0,0,On a melee hit this spell may cast Strike of Thorns on target of attack.  Triggers about 1.8 times per minute. | Inflicts 239 magic damage on target encounter. | Cannot be modified except by direct means
560348790,On a hostile spell hit this spell may cast Forgotten Dreams on caster.  Lasts for 30.0 seconds.  Triggers about 2.4 times per minute.,2.4,,0,0,On a hostile spell hit this spell may cast Forgotten Dreams on caster.  Lasts for 30.0 seconds.  Triggers about 2.4 times per minute. | Wards caster against 500 points of all damage | Increases power of caster by 238. | Cannot be modified except by direct means
577221719,On any combat or spell hit this spell may cast Absolve Vitae on target of attack.  Triggers about 1.8 times per minute.,1.8,heat,504,839,On any combat or spell hit this spell may cast Absolve Vitae on target of attack.  Triggers about 1.8 times per minute. | Inflicts 504 - 839 heat damage on target. | Heals caster for 356. | Cannot be modified except by direct means
589933269,On a melee hit this spell may cast Ward of Security on caster.  Lasts for 12.0 seconds.  Triggers about 1.0 times per minute.,1,,0,0,On a melee hit this spell may cast Ward of Security on caster.  Lasts for 12.0 seconds.  Triggers about 1.0 times per minute. | Wards caster against 200 points of all damage | Cannot be modified except by direct means
613117937,On a beneficial spell cast this spell may cast Healing Blanket on the group.  Lasts for 24.0 seconds.  Triggers about 2.0 times per minute.,2,,0,0,On a beneficial spell cast this spell may cast Healing Blanket on the group.  Lasts for 24.0 seconds.  Triggers about 2.0 times per minute. | Heals group members (AE) for 107 instantly and every 4 seconds. | Cannot be modified except by direct means
620555275,On any combat or spell hit this spell may cast Savagery I on caster.  Lasts for 20.0 seconds.  Triggers about 1.8 times per minute.,1.8,,0,0,On any combat or spell hit this spell may cast Savagery I on caster.  Lasts for 20.0 seconds.  Triggers about 1.8 times per minute. | Increases DPS of caster by 20.0. | Cannot be modified except by direct means
633705503,On a melee hit this spell may cast Inner Fire on caster.  Lasts for 5.0 seconds.  Triggers about 1.8 times per minute.,1.8,,0,0,On a melee hit this spell may cast Inner Fire on caster.  Lasts for 5.0 seconds.  Triggers about 1.8 times per minute. | Increases Crit Chance of caster by 100.0. | Cannot be modified except by direct means
674432986,On a hostile spell cast this spell may cast Ethereal Recovery on caster.  Lasts for 15.0 seconds.  Triggers about 1.8 times per minute.,1.8,,0,0,On a hostile spell cast this spell may cast Ethereal Recovery on caster.  Lasts for 15.0 seconds.  Triggers about 1.8 times per minute. | Decrease the caster's spell reuse time by 10%. | Cannot be modified except by direct means
679718549,On a damage spell hit this spell may cast Absorption Shield on caster.  Lasts for 24.0 seconds.  Triggers about 1.8 times per minute.,1.8,,0,0,On a damage spell hit this spell may cast Absorption Shield on caster.  Lasts for 24.0 seconds.  Triggers about 1.8 times per minute. | Wards caster against 333 points of all damage | Cannot be modified except by direct means
681067217,On a hostile spell cast this spell may cast Tranquility on target of spell.  Lasts for 8.0 seconds.  Triggers about 1.0 times per minute.,1,,0,0,On a hostile spell cast this spell may cast Tranquility on target of spell.  Lasts for 8.0 seconds.  Triggers about 1.0 times per minute. | Decreases Hate Gain of caster by 50.0. | Dazes target | Does not affect Epic targets | Resistibility increases against targets higher than level 89. | Cannot be modified except by direct means
693698132,On a spell cast this spell may cast Glowing Blessing on target of spell cast.  Lasts for 12.0 seconds.  Triggers about 1.8 times per minute.,1.8,,0,0,On a spell cast this spell may cast Glowing Blessing on target of spell cast.  Lasts for 12.0 seconds.  Triggers about 1.8 times per minute. | Increases the damage and healing amount of the caster's spells by 8 | Cannot be modified except by direct means
744275993,On a spell cast this spell may cast Glimmering Blessing on target of spell cast.  Lasts for 12.0 seconds.  Triggers about 1.8 times per minute.,1.8,,0,0,On a spell cast this spell may cast Glimmering Blessing on target of spell cast.  Lasts for 12.0 seconds.  Triggers about 1.8 times per minute. | Increases the damage and healing amount of the caster's spells by 25 | Cannot be modified except by direct means
767760774,On a hit this spell may cast Steelrain on target of attack.  Triggers about 1.0 times per minute.,1,,0,0,On a hit this spell may cast Steelrain on target of attack.  Triggers about 1.0 times per minute. | Inflicts 569 piercing damage on target. | Cannot be modified except by direct means
801805782,On a melee hit this spell may cast Sparkling Strike on target of attack.  Triggers about 1.8 times per minute.,1.8,,0,0,On a melee hit this spell may cast Sparkling Strike on target of attack.  Triggers about 1.8 times per minute. | Inflicts 239 magic damage on target encounter. | Cannot be modified except by direct means
821751173,On a combat hit this spell may cast Chilling Darkness on target of attack.  Triggers about 1.8 times per minute.,1.8,cold,67,125,On a combat hit this spell may cast Chilling Darkness on target of attack.  Triggers about 1.8 times per minute. | Inflicts 67 - 125 cold damage on target. | Heals caster for 54 - 66. | Cannot be modified except by direct means
839177761,On a damage spell hit this spell may cast Tranquil Mind on caster.  Lasts for 20.0 seconds.  Triggers about 1.0 times per minute.,1,,0,0,On a damage spell hit this spell may cast Tranquil Mind on caster.  Lasts for 20.0 seconds.  Triggers about 1.0 times per minute. | Prevents caster and pet from taking damage from AoE spells. Spell will cancel in the event any direct damage is taken.
848411708,On a melee hit this spell may cast Strike of Thorns on target of attack.  Triggers about 1.8 times per minute.,1.8,,0,0,On a melee hit this spell may cast Strike of Thorns on target of attack.  Triggers about 1.8 times per minute. | Inflicts 239 magic damage on target encounter. | Cannot be modified except by direct means
898132213,On a hostile spell cast this spell may cast Divine Affliction on target of spell.  Lasts for 15.0 seconds.  Triggers about 1.8 times per minute.,1.8,,0,0,"On a hostile spell cast this spell may cast Divine Affliction on target of spell.  Lasts for 15.0 seconds.  Triggers about 1.8 times per minute. | Decreases Mitigation of target encounter vs elemental, noxious and arcane damage by 336. | Cannot be modified except by direct means"
923877193,On a ranged hit this spell may cast Storm Arrow on target of attack.  Lasts for 5.0 seconds.  Triggers about 1.8 times per minute.,1.8,magic,77,143,On a ranged hit this spell may cast Storm Arrow on target of attack.  Lasts for 5.0 seconds.  Triggers about 1.8 times per minute. | Inflicts 77 - 143 magic damage on target. | Stuns target | Epic targets gain an immunity to Stun effects of 15.0 seconds and duration is reduced to 1.7 seconds. | Cannot be modified except by direct means
927427755,On a spell cast this spell may cast Healing Torrent on the group.  Triggers about 3.0 times per minute.,3,,0,0,On a spell cast this spell may cast Healing Torrent on the group.  Triggers about 3.0 times per minute. | Heals group members (AE) for 238. | Cannot be modified except by direct means
957091562,On a healing spell cast this spell may cast Absolve Vitae on caster.  Lasts for 20.0 seconds.  Triggers about 1.8 times per minute.,1.8,,0,0,"On a healing spell cast this spell may cast Absolve Vitae on caster.  Lasts for 20.0 seconds.  Triggers about 1.8 times per minute. | Heals group members (AE) for 1,079. | Increases Mitigation of target vs all damage by 707. | Cannot be modified except by direct means"
1024066886,On a hostile spell cast this spell may cast Viral Fetter on target of spell.  Lasts for 8.0 seconds.  Triggers about 2.0 times per minute.,2,,0,0,On a hostile spell cast this spell may cast Viral Fetter on target of spell.  Lasts for 8.0 seconds.  Triggers about 2.0 times per minute. | Decreases DPS of target by 4.0. | Cannot be modified except by direct means
1024066886,On a hostile spell hit this spell may cast Mana Sieve on target of spell.  Triggers about 1.8 times per minute.,1.8,,0,0,On a hostile spell hit this spell may cast Mana Sieve on target of spell.  Triggers about 1.8 times per minute. | Decreases power of target by 112. | Increases power of caster by 111. | Cannot be modified except by direct means
1027555942,On a ranged hit this spell may cast Scale Slice on target of attack.  Triggers about 2.0 times per minute.,2,,0,0,On a ranged hit this spell may cast Scale Slice on target of attack.  Triggers about 2.0 times per minute. | Inflicts 353 slashing damage on target. | Cannot be modified except by direct means
1051991351,On a hit this spell may cast Manaweave on caster.  Lasts for 16.0 seconds.  Triggers about 1.8 times per minute.,1.8,,0,0,On a hit this spell may cast Manaweave on caster.  Lasts for 16.0 seconds.  Triggers about 1.8 times per minute. | Increases power of caster by 107 instantly and every 4 seconds. | Cannot be modified except by direct means
1118405699,On a combat hit this spell may cast Incinerate Blood on target of attack.  Lasts for 30.0 seconds.  Triggers about 1.2 times per minute.,1.2,,0,0,"On a combat hit this spell may cast Incinerate Blood on target of attack.  Lasts for 30.0 seconds.  Triggers about 1.2 times per minute. | Inflicts 134 heat damage on target instantly and every 5 seconds. | Cannot be modified except by direct means | Will trigger off of crush, pierce or slash abilities."
1264182596,On a hit this spell may cast Bladed Fury on target of attack.  Lasts for 6.0 seconds.  Triggers about 1.8 times per minute.,1.8,,0,0,On a hit this spell may cast Bladed Fury on target of attack.  Lasts for 6.0 seconds.  Triggers about 1.8 times per minute. | Inflicts 251 slashing damage on target. | Inflicts 81 slashing damage on target every 3 seconds. | Cannot be modified except by direct means
1273038896,On a combat hit this spell may cast Aggravate I on target of attack.  Triggers about 0.8 times per minute.,0.8,,0,0,"On a combat hit this spell may cast Aggravate I on target of attack.  Triggers about 0.8 times per minute. | Increases Threat to target by 1,050 | Cannot be modified except by direct means"
1282593463,On a melee hit this spell may cast Lethargy on target of attack.  Lasts for 24.0 seconds.  Triggers about 1.8 times per minute.,1.8,,0,0,On a melee hit this spell may cast Lethargy on target of attack.  Lasts for 24.0 seconds.  Triggers about 1.8 times per minute. | Decreases DPS of target by 12.0. | Cannot be modified except by direct means
1301878419,On a damage spell hit this spell may cast Unable to Scream on target of spell.  Lasts for 8.0 seconds.  Triggers about 1.8 times per minute.,1.8,,0,0,On a damage spell hit this spell may cast Unable to Scream on target of spell.  Lasts for 8.0 seconds.  Triggers about 1.8 times per minute. | Stifles target | Only affects targets level 80 and below | Does not affect Epic targets | Cannot be modified except by direct means
1313551332,On a spell cast this spell may cast Lambent Blessing on target of spell cast.  Lasts for 12.0 seconds.  Triggers about 1.8 times per minute.,1.8,,0,0,On a spell cast this spell may cast Lambent Blessing on target of spell cast.  Lasts for 12.0 seconds.  Triggers about 1.8 times per minute. | Increases the damage and healing amount of the caster's spells by 60 | Cannot be modified except by direct means
1322239145,On a combat hit this spell may cast Mental Bolt on target of attack.  Triggers about 1.8 times per minute.,1.8,mental,52,64,On a combat hit this spell may cast Mental Bolt on target of attack.  Triggers about 1.8 times per minute. | Inflicts 52 - 64 mental damage on target. | Cannot be modified except by direct means
1339904876,On a combat hit this spell may cast Star Shards on target of attack.  Lasts for 10.0 seconds.  Triggers about 1.8 times per minute.,1.8,magic,133,200,On a combat hit this spell may cast Star Shards on target of attack.  Lasts for 10.0 seconds.  Triggers about 1.8 times per minute. | Inflicts 133 - 200 magic damage on target. | Increases DPS of caster by 33.0. | Cannot be modified except by direct means
1401784347,On a combat hit this spell may cast Shadow Sap on target of attack.  Triggers about 1.8 times per minute.,1.8,disease,335,409,On a combat hit this spell may cast Shadow Sap on target of attack.  Triggers about 1.8 times per minute. | Inflicts 335 - 409 disease damage on target. | Heals caster for 333 - 407. | Cannot be modified except by direct means
1413326143,On a damage spell hit this spell may cast Cherista's Domination on target of spell.  Lasts for 4.0 seconds.  Triggers about 2.0 times per minute.,2,,0,0,On a damage spell hit this spell may cast Cherista's Domination on target of spell.  Lasts for 4.0 seconds.  Triggers about 2.0 times per minute. | Decreases power of target by 146 instantly and every 2 seconds. | Increases power of caster by 145 instantly and every 2 seconds. | Cannot be modified except by direct means
1502554896,On any combat or spell hit this spell may cast Fearless on caster.  Lasts for 15.0 seconds.  Triggers about 1.6 times per minute.,1.6,,0,0,On any combat or spell hit this spell may cast Fearless on caster.  Lasts for 15.0 seconds.  Triggers about 1.6 times per minute. | Makes caster immune to Fear effects | Must not be engaged in pvp combat | Cannot be modified except by direct means
1540700859,On a combat hit this spell may cast Fear II on target of attack.  Lasts for 1.0 second.  Triggers about 1.0 times per minute.,1,,0,0,On a combat hit this spell may cast Fear II on target of attack.  Lasts for 1.0 second.  Triggers about 1.0 times per minute. | Slows target by 31.4%. | Does not affect Epic targets | Cannot be modified except by direct means
1552195538,On a damage spell hit this spell may cast Arcane Fear VI on target of spell.  Lasts for 3.0 seconds.  Triggers about 2.2 times per minute.,2.2,,0,0,On a damage spell hit this spell may cast Arcane Fear VI on target of spell.  Lasts for 3.0 seconds.  Triggers about 2.2 times per minute. | Makes target afraid | Does not affect Epic targets | Resistibility increases against targets higher than level 89. | Cannot be modified except by direct means
1554501448,On a spell cast this spell may cast Luminous Blessing on target of spell cast.  Lasts for 12.0 seconds.  Triggers about 1.8 times per minute.,1.8,,0,0,On a spell cast this spell may cast Luminous Blessing on target of spell cast.  Lasts for 12.0 seconds.  Triggers about 1.8 times per minute. | Increases the damage and healing amount of the caster's spells by 40 | Cannot be modified except by direct means
1566912253,On a healing spell cast this spell may cast Star Darkened Armoring on target of spell cast.  Lasts for 12.0 seconds.  Triggers about 1.8 times per minute.,1.8,,0,0,On a healing spell cast this spell may cast Star Darkened Armoring on target of spell cast.  Lasts for 12.0 seconds.  Triggers about 1.8 times per minute. | Increases the target's effectiveness of worn armor vs physical damage by 10%. | Cannot be modified except by direct means
1606057721,On any combat or spell hit this spell may cast Absolve Vitae on target of attack.  Triggers about 1.8 times per minute.,1.8,heat,504,839,On any combat or spell hit this spell may cast Absolve Vitae on target of attack.  Triggers about 1.8 times per minute. | Inflicts 504 - 839 heat damage on target. | Heals caster for 356. | Cannot be modified except by direct means
1654646071,On a ranged hit this spell may cast Permeating Darkness on caster.  Lasts for 10.0 seconds.  Triggers about 1.8 times per minute.,1.8,,0,0,On a ranged hit this spell may cast Permeating Darkness on caster.  Lasts for 10.0 seconds.  Triggers about 1.8 times per minute. | Casters next ranged attack will inflict critical damage
1661709365,On a melee hit this spell may cast Stinging Swarm on target of attack.  Lasts for 8.0 seconds.  Triggers about 1.8 times per minute.,1.8,,0,0,On a melee hit this spell may cast Stinging Swarm on target of attack.  Lasts for 8.0 seconds.  Triggers about 1.8 times per minute. | Inflicts 67 magic damage on target instantly and every 2 seconds. | Cannot be modified except by direct means
1690526459,On a hit this spell may cast Surging Adrenaline on caster.  Triggers about 1.8 times per minute.,1.8,,0,0,On a hit this spell may cast Surging Adrenaline on caster.  Triggers about 1.8 times per minute. | Heals caster for 218. | Cannot be modified except by direct means
1771060045,On a healing spell cast this spell may cast Presence of Mind on caster.  Lasts for 20.0 seconds.  Triggers about 1.8 times per minute.,1.8,,0,0,On a healing spell cast this spell may cast Presence of Mind on caster.  Lasts for 20.0 seconds.  Triggers about 1.8 times per minute. | Reduces the power cost of the casters next spell by 100%
1857189977,On a healing spell cast this spell may cast Dark Resolve on target of spell cast.  Lasts for 6.0 seconds.  Triggers about 1.8 times per minute.,1.8,,0,0,On a healing spell cast this spell may cast Dark Resolve on target of spell cast.  Lasts for 6.0 seconds.  Triggers about 1.8 times per minute. | Makes target immune to Charm effects | Must not be engaged in pvp combat | Cannot be modified except by direct means
1900841555,On a combat hit this spell may cast Aggravate II on target of attack.  Triggers about 1.0 times per minute.,1,,0,0,"On a combat hit this spell may cast Aggravate II on target of attack.  Triggers about 1.0 times per minute. | Increases Threat to target by 1,225 | Cannot be modified except by direct means"
1931186416,On a melee hit this spell may cast Shimmering Strike on target of attack.  Lasts for 24.0 seconds.  Triggers about 1.8 times per minute.,1.8,magic,236,551,On a melee hit this spell may cast Shimmering Strike on target of attack.  Lasts for 24.0 seconds.  Triggers about 1.8 times per minute. | Inflicts 236 - 551 magic damage on target. | Caster will Riposte 10.0% of incoming frontal attacks.  Attacks from other quadrants have the same chance of being Parried. | Increases DPS of caster by 25.0. | Increases damage done by combat arts by up to 150. | Cannot be modified except by direct means
1934029673,On a melee hit this spell may cast Ward of Security on caster.  Lasts for 12.0 seconds.  Triggers about 1.0 times per minute.,1,,0,0,On a melee hit this spell may cast Ward of Security on caster.  Lasts for 12.0 seconds.  Triggers about 1.0 times per minute. | Wards caster against 200 points of all damage | Cannot be modified except by direct means
1940609194,On a hit this spell may cast Adrenaline Boost on caster.  Lasts for 10.0 seconds.  Triggers about 1.8 times per minute.,1.8,,0,0,On a hit this spell may cast Adrenaline Boost on caster.  Lasts for 10.0 seconds.  Triggers about 1.8 times per minute. | Increases Multi Attack of caster by 10.0. | Cannot be modified except by direct means
2039503681,On a spell cast this spell may cast Scintillating Blessing on target of spell cast.  Lasts for 12.0 seconds.  Triggers about 1.8 times per minute.,1.8,,0,0,On a spell cast this spell may cast Scintillating Blessing on target of spell cast.  Lasts for 12.0 seconds.  Triggers about 1.8 times per minute. | Increases the damage and healing amount of the caster's spells by 75 | Cannot be modified except by direct means
2050733300,On a combat hit this spell may cast Infuriating Shout II on target of attack.  Triggers about 1.0 times per minute.,1,,0,0,On a combat hit this spell may cast Infuriating Shout II on target of attack.  Triggers about 1.0 times per minute. | Increases Threat to target by 831 | Cannot be modified except by direct means
2154915081,On a combat hit this spell may cast Aggravate I on target of attack.  Triggers about 0.8 times per minute.,0.8,,0,0,"On a combat hit this spell may cast Aggravate I on target of attack.  Triggers about 0.8 times per minute. | Increases Threat to target by 1,050 | Cannot be modified except by direct means"
2163817536,On a combat hit this spell may cast Thunderquake on target of attack.  Lasts for 5.0 seconds.  Triggers about 1.8 times per minute.,1.8,,0,0,On a combat hit this spell may cast Thunderquake on target of attack.  Lasts for 5.0 seconds.  Triggers about 1.8 times per minute. | Inflicts 109 magic damage on target. | Stuns target | Epic targets gain an immunity to Stun effects of 15.0 seconds and duration is reduced to 1.7 seconds. | Cannot be modified except by direct means
2209899587,On any combat or spell hit this spell may cast Gleaming Strike on target of attack.  Triggers about 1.6 times per minute.,1.6,magic,121,225,"On any combat or spell hit this spell may cast Gleaming Strike on target of attack.  Triggers about 1.6 times per minute. | Decreases Threat to target by 2,249 | Must be flanking or behind | Increases Threat to target by 2,914 | Must be in front of | Inflicts 121 - 225 magic damage on target. | Cannot be modified except by direct means"
2235921995,On a combat hit this spell may cast Fear III on target of attack.  Lasts for 2.0 seconds.  Triggers about 0.8 times per minute.,0.8,,0,0,On a combat hit this spell may cast Fear III on target of attack.  Lasts for 2.0 seconds.  Triggers about 0.8 times per minute. | Slows target by 31.4%. | Does not affect Epic targets | Cannot be modified except by direct means
2261868558,On a combat hit this spell may cast Infuriating Shout II on target of attack.  Triggers about 1.0 times per minute.,1,,0,0,On a combat hit this spell may cast Infuriating Shout II on target of attack.  Triggers about 1.0 times per minute. | Increases Threat to target by 831 | Cannot be modified except by direct means
2278498138,On a melee hit this spell may cast Shred on target of attack.  Triggers about 1.8 times per minute.,1.8,,0,0,On a melee hit this spell may cast Shred on target of attack.  Triggers about 1.8 times per minute. | Inflicts 382 mental damage on target. | Cannot be modified except by direct means
2327136095,On any combat or spell hit this spell may cast Gleaming Strike on target of attack.  Triggers about 1.6 times per minute.,1.6,magic,91,168,"On any combat or spell hit this spell may cast Gleaming Strike on target of attack.  Triggers about 1.6 times per minute. | Decreases Threat to target by 1,648 | Must be flanking or behind | Increases Threat to target by 2,313 | Must be in front of | Inflicts 91 - 168 magic damage on target. | Cannot be modified except by direct means"
2363099448,On a hit this spell may cast Minor Aggravation on target of attack.  Triggers about 1.8 times per minute.,1.8,,0,0,On a hit this spell may cast Minor Aggravation on target of attack.  Triggers about 1.8 times per minute. | Increases Threat to target by 393 | Cannot be modified except by direct means
2371739005,On any combat or spell hit this spell may cast Gleaming Strike on target of attack.  Triggers about 1.6 times per minute.,1.6,magic,42,77,"On any combat or spell hit this spell may cast Gleaming Strike on target of attack.  Triggers about 1.6 times per minute. | Decreases Threat to target by 719 | Must be flanking or behind | Increases Threat to target by 1,259 | Must be in front of | Inflicts 42 - 77 magic damage on target. | Cannot be modified except by direct means"
2377322551,On a hit this spell may cast Rejuvenating Aggression on caster.  Triggers about 1.8 times per minute.,1.8,,0,0,On a hit this spell may cast Rejuvenating Aggression on caster.  Triggers about 1.8 times per minute. | Heals caster for 48. | Cannot be modified except by direct means
2395848269,On a hit this spell may cast Supressing Strike on target of attack.  Lasts for 20.0 seconds.  Triggers about 1.0 times per minute.,1,,0,0,On a hit this spell may cast Supressing Strike on target of attack.  Lasts for 20.0 seconds.  Triggers about 1.0 times per minute. | Increases Threat to target by 525  instantly and by 87  every 5 seconds thereafter | Cannot be modified except by direct means
2407664326,On a beneficial spell cast this spell may cast Thought Retrieval on caster.  Triggers about 1.8 times per minute.,1.8,,0,0,On a beneficial spell cast this spell may cast Thought Retrieval on caster.  Triggers about 1.8 times per minute. | Increases power of caster by 240. | Cannot be modified except by direct means
2408105834,On a melee hit this spell may cast Battle Presence on caster.  Lasts for 10.0 seconds.  Triggers about 1.8 times per minute.,1.8,,0,0,On a melee hit this spell may cast Battle Presence on caster.  Lasts for 10.0 seconds.  Triggers about 1.8 times per minute. | Makes caster immune to Stun effects | Must not be engaged in pvp combat | Cannot be modified except by direct means
2410800254,On a combat hit this spell may cast Mangle on target of attack.  Lasts for 1.3 seconds.  Triggers about 1.8 times per minute.,1.8,crushing,27,34,"On a combat hit this spell may cast Mangle on target of attack.  Lasts for 1.3 seconds.  Triggers about 1.8 times per minute. | Inflicts 27 - 34 crushing damage on target. | Stuns target | Epic targets gain an immunity to Stun effects of 3.7 seconds and duration is reduced to 0.4 seconds. | Resistibility increases against targets higher than level 49. | Cannot be modified except by direct means | Will trigger off of crush, pierce or slash abilities."
2501210668,On a combat hit this spell may cast Brain Smash on target of attack.  Triggers about 1.8 times per minute.,1.8,heat,126,234,On a combat hit this spell may cast Brain Smash on target of attack.  Triggers about 1.8 times per minute. | Inflicts 126 - 234 heat damage on target. | Cannot be modified except by direct means
2605730670,On a hit this spell may cast D'Raethe's Seething Hatred on target of attack.  Triggers about 1.8 times per minute.,1.8,,0,0,"On a hit this spell may cast D'Raethe's Seething Hatred on target of attack.  Triggers about 1.8 times per minute. | Increases Threat to target by 1,268 | Cannot be modified except by direct means"
2627506807,On a damage spell hit this spell may cast Harrowing Strike on target of spell.  Triggers about 1.8 times per minute.,1.8,,0,0,On a damage spell hit this spell may cast Harrowing Strike on target of spell.  Triggers about 1.8 times per minute. | Inflicts 316 magic damage on target. | Cannot be modified except by direct means
2638513866,On a combat hit this spell may cast Stun II on target of attack.  Lasts for 1.3 seconds.  Triggers about 1.0 times per minute.,1,,0,0,On a combat hit this spell may cast Stun II on target of attack.  Lasts for 1.3 seconds.  Triggers about 1.0 times per minute. | Stuns target | Does not affect Epic targets | Resistibility increases against targets higher than level 87. | Cannot be modified except by direct means
2650003100,On a combat hit this spell may cast Stun V on target of attack.  Lasts for 3.0 seconds.  Triggers about 1.0 times per minute.,1,,0,0,On a combat hit this spell may cast Stun V on target of attack.  Lasts for 3.0 seconds.  Triggers about 1.0 times per minute. | Stuns target | Does not affect Epic targets | Resistibility increases against targets higher than level 89. | Cannot be modified except by direct means
2662010169,On a melee hit this spell may cast Pox Strike on target of attack.  Lasts for 12.0 seconds.  Triggers about 1.8 times per minute.,1.8,,0,0,On a melee hit this spell may cast Pox Strike on target of attack.  Lasts for 12.0 seconds.  Triggers about 1.8 times per minute. | Inflicts 177 disease damage on target instantly and every 4 seconds. | Cannot be modified except by direct means
2673182546,On a hostile spell hit this spell may cast Clouded Mind on target of spell.  Triggers about 1.8 times per minute.,1.8,,0,0,"On a hostile spell hit this spell may cast Clouded Mind on target of spell.  Triggers about 1.8 times per minute. | Decreases Threat to target by 3,920 | Cannot be modified except by direct means"
2686438322,On a hostile spell cast this spell may cast Constitution of Stone on caster.  Triggers about 1.0 times per minute.,1,,0,0,On a hostile spell cast this spell may cast Constitution of Stone on caster.  Triggers about 1.0 times per minute. | Heals caster for 350. | Cannot be modified except by direct means
2687002203,On a ranged hit this spell may cast Hidden Shot on target of attack.  Triggers about 1.8 times per minute.,1.8,,0,0,On a ranged hit this spell may cast Hidden Shot on target of attack.  Triggers about 1.8 times per minute. | Decreases Threat to target by 675 | Cannot be modified except by direct means
2702709502,On a hit this spell may cast Dizzying Dance on target of attack.  Lasts for 5.0 seconds.  Triggers about 1.0 times per minute.,1,,0,0,On a hit this spell may cast Dizzying Dance on target of attack.  Lasts for 5.0 seconds.  Triggers about 1.0 times per minute. | Dazes target | Only affects targets level 79 and below | Does not affect Epic targets | Resistibility increases against targets higher than level 89. | Cannot be modified except by direct means
2704968140,On a ranged hit this spell may cast Tunare's Grace on target of attack.  Triggers about 2.0 times per minute.,2,,0,0,On a ranged hit this spell may cast Tunare's Grace on target of attack.  Triggers about 2.0 times per minute. | Inflicts 476 heat damage on target. | Cannot be modified except by direct means
2719377339,On a combat hit this spell may cast Vampiric Touch on target of attack.  Triggers about 1.8 times per minute.,1.8,magic,42,78,On a combat hit this spell may cast Vampiric Touch on target of attack.  Triggers about 1.8 times per minute. | Inflicts 42 - 78 magic damage on target. | Heals caster for 26 - 32. | Cannot be modified except by direct means
2723088588,On a combat hit this spell may cast Awe on target of attack.  Triggers about 1.8 times per minute.,1.8,,0,0,On a combat hit this spell may cast Awe on target of attack.  Triggers about 1.8 times per minute. | Decreases power of target by 134. | Increases power of caster by 134. | Cannot be modified except by direct means
2730875504,On a combat hit this spell may cast Nail Spikes on target of attack.  Triggers about 1.8 times per minute.,1.8,,0,0,On a combat hit this spell may cast Nail Spikes on target of attack.  Triggers about 1.8 times per minute. | Inflicts 55 piercing damage on target. | Cannot be modified except by direct means
2731982702,On a combat hit this spell may cast Adrenaline Rush on caster.  Lasts for 10.0 seconds.  Triggers about 2.0 times per minute.,2,,0,0,On a combat hit this spell may cast Adrenaline Rush on caster.  Lasts for 10.0 seconds.  Triggers about 2.0 times per minute. | Increases DPS of caster by 25.0. | Increases Haste of caster by 25.0. | Cannot be modified except by direct means
2777719491,On any combat or spell hit this spell may cast Absolve Vitae on target of attack.  Triggers about 1.8 times per minute.,1.8,heat,504,839,On any combat or spell hit this spell may cast Absolve Vitae on target of attack.  Triggers about 1.8 times per minute. | Inflicts 504 - 839 heat damage on target. | Heals caster for 356. | Cannot be modified except by direct means
2813426840,On any combat or spell hit this spell may cast Savagery II on caster.  Lasts for 20.0 seconds.  Triggers about 1.8 times per minute.,1.8,,0,0,On any combat or spell hit this spell may cast Savagery II on caster.  Lasts for 20.0 seconds.  Triggers about 1.8 times per minute. | Increases DPS of caster by 25.0. | Cannot be modified except by direct means
2820662333,On a combat hit this spell may cast Thunderquake on target of attack.  Lasts for 5.0 seconds.  Triggers about 1.8 times per minute.,1.8,,0,0,On a combat hit this spell may cast Thunderquake on target of attack.  Lasts for 5.0 seconds.  Triggers about 1.8 times per minute. | Inflicts 286 magic damage on target. | Stuns target | Epic targets gain an immunity to Stun effects of 15.0 seconds and duration is reduced to 1.7 seconds. | Cannot be modified except by direct means
2870641579,On a healing spell cast this spell may cast Amplify Healing on caster.  Lasts for 30.0 seconds.  Triggers about 1.8 times per minute.,1.8,,0,0,On a healing spell cast this spell may cast Amplify Healing on caster.  Lasts for 30.0 seconds.  Triggers about 1.8 times per minute. | Increases the amount of your next healing spell by 25%. | Dispelled when target casts a heal spell | Cannot be modified except by direct means
2913190639,On a damage spell hit this spell may cast Fettering Strike on target of spell.  Lasts for 8.0 seconds.  Triggers about 1.8 times per minute.,1.8,,0,0,On a damage spell hit this spell may cast Fettering Strike on target of spell.  Lasts for 8.0 seconds.  Triggers about 1.8 times per minute. | Decreases DPS of target by 7.0. | Cannot be modified except by direct means
3021972910,On a damage spell hit this spell may cast Mindtap on target of spell.  Triggers about 1.8 times per minute.,1.8,,0,0,On a damage spell hit this spell may cast Mindtap on target of spell.  Triggers about 1.8 times per minute. | Decreases power of target by 50. | Increases power of caster by 50. | Cannot be modified except by direct means
3067704938,On a combat hit this spell may cast Infuriating Shout I on target of attack.  Triggers about 0.8 times per minute.,0.8,,0,0,On a combat hit this spell may cast Infuriating Shout I on target of attack.  Triggers about 0.8 times per minute. | Increases Threat to target by 700 | Cannot be modified except by direct means
3095418488,On a hostile spell cast this spell may cast Frostcall on target of spell.  Lasts for 6.0 seconds.  Triggers about 1.2 times per minute.,1.2,,0,0,On a hostile spell cast this spell may cast Frostcall on target of spell.  Lasts for 6.0 seconds.  Triggers about 1.2 times per minute. | Inflicts 574 cold damage on target. | Inflicts 95 cold damage on target every 2 seconds. | Roots target | Epic targets gain an immunity to Root effects of 18.0 seconds and duration is reduced to 2.0 seconds. | Resistibility increases against targets higher than level 89. | Cannot be modified except by direct means
3172615549,On a combat hit this spell may cast Soultap on target of attack.  Triggers about 1.8 times per minute.,1.8,,0,0,On a combat hit this spell may cast Soultap on target of attack.  Triggers about 1.8 times per minute. | Inflicts 101 divine damage on target. | Heals caster for 100. | Cannot be modified except by direct means
3221695641,On a damage spell hit this spell may cast Arcane Fear VI on target of spell.  Lasts for 3.0 seconds.  Triggers about 2.2 times per minute.,2.2,,0,0,On a damage spell hit this spell may cast Arcane Fear VI on target of spell.  Lasts for 3.0 seconds.  Triggers about 2.2 times per minute. | Makes target afraid | Does not affect Epic targets | Resistibility increases against targets higher than level 89. | Cannot be modified except by direct means
3230485992,On a hostile spell hit this spell may cast Terror Feast on caster.  Triggers about 1.8 times per minute.,1.8,,0,0,On a hostile spell hit this spell may cast Terror Feast on caster.  Triggers about 1.8 times per minute. | Increases power of caster by 187. | Cannot be modified except by direct means
3348917310,On a ranged hit this spell may cast Nature's Reprieve on target of attack.  Triggers about 1.8 times per minute.,1.8,divine,197,241,On a ranged hit this spell may cast Nature's Reprieve on target of attack.  Triggers about 1.8 times per minute. | Inflicts 197 - 241 divine damage on target. | Heals caster for 196 - 240. | Cannot be modified except by direct means
3360265015,On a spell cast this spell may cast Harnessed Power of the Estate on caster.  Lasts for 30.0 seconds.  Triggers about 1.8 times per minute.,1.8,,0,0,On a spell cast this spell may cast Harnessed Power of the Estate on caster.  Lasts for 30.0 seconds.  Triggers about 1.8 times per minute. | Decrease the caster's spell reuse time by 10%. | Cannot be modified except by direct means
3365987769,On a combat hit this spell may cast Harnessed Power of the Curse on target of attack.  Triggers about 1.8 times per minute.,1.8,,0,0,On a combat hit this spell may cast Harnessed Power of the Curse on target of attack.  Triggers about 1.8 times per minute. | Inflicts 103 divine damage on target. | Heals caster for 103. | Cannot be modified except by direct means
3446429649,On a hostile spell cast this spell may cast Siphoning Aggression on caster.  Triggers about 1.4 times per minute.,1.4,,0,0,On a hostile spell cast this spell may cast Siphoning Aggression on caster.  Triggers about 1.4 times per minute. | Increases power of caster by 77. | Cannot be modified except by direct means
3470493840,On any combat or spell hit this spell may cast Absolve Vitae on target of attack.  Triggers about 1.8 times per minute.,1.8,heat,504,839,On any combat or spell hit this spell may cast Absolve Vitae on target of attack.  Triggers about 1.8 times per minute. | Inflicts 504 - 839 heat damage on target. | Heals caster for 356. | Cannot be modified except by direct means
3493832230,On a combat hit this spell may cast Soul Leech on target of attack.  Triggers about 2.0 times per minute.,2,,0,0,"On a combat hit this spell may cast Soul Leech on target of attack.  Triggers about 2.0 times per minute. | Drains 150 health from the target. | Will trigger off of crush, pierce or slash abilities."
3527061526,On a spell cast this spell may cast Bristlebane's Shenanigans on caster.  Triggers about 3.0 times per minute.,3,,0,0,"On a spell cast this spell may cast Bristlebane's Shenanigans on caster.  Triggers about 3.0 times per minute. | This effect may trigger Chicanery, Razzle-Dazzle, or Hocus-Pocus Focus on the spell caster."
3552295003,On a combat hit this spell may cast Spirit Theft on target of attack.  Triggers about 1.8 times per minute.,1.8,mental,71,118,On a combat hit this spell may cast Spirit Theft on target of attack.  Triggers about 1.8 times per minute. | Inflicts 71 - 118 mental damage on target. | Increases power of caster by 46 - 77. | Cannot be modified except by direct means
3583250559,On a combat hit this spell may cast Nature's Retort on target of attack.  Triggers about 1.8 times per minute.,1.8,,0,0,On a combat hit this spell may cast Nature's Retort on target of attack.  Triggers about 1.8 times per minute. | Inflicts 148 magic damage on target. | Cannot be modified except by direct means
3594551775,On any combat or spell hit this spell may cast Gleaming Strike on target of attack.  Triggers about 1.6 times per minute.,1.6,magic,152,282,"On any combat or spell hit this spell may cast Gleaming Strike on target of attack.  Triggers about 1.6 times per minute. | Decreases Threat to target by 2,879 | Must be flanking or behind | Increases Threat to target by 3,544 | Must be in front of | Inflicts 152 - 282 magic damage on target. | Cannot be modified except by direct means"
3647713463,On a damage spell hit this spell may cast Arcane Stun V on target of spell.  Lasts for 3.0 seconds.  Triggers about 2.0 times per minute.,2,,0,0,On a damage spell hit this spell may cast Arcane Stun V on target of spell.  Lasts for 3.0 seconds.  Triggers about 2.0 times per minute. | Stuns target | Does not affect Epic targets | Resistibility increases against targets higher than level 89. | Cannot be modified except by direct means
3657885679,On a damage spell hit this spell may cast Thought Retrieval on caster.  Triggers about 1.8 times per minute.,1.8,,0,0,On a damage spell hit this spell may cast Thought Retrieval on caster.  Triggers about 1.8 times per minute. | Increases power of caster by 240. | Cannot be modified except by direct means
3685766064,On a combat hit this spell may cast Infuriating Shout IV on target of attack.  Triggers about 1.4 times per minute.,1.4,,0,0,"On a combat hit this spell may cast Infuriating Shout IV on target of attack.  Triggers about 1.4 times per minute. | Increases Threat to target by 1,050 | Cannot be modified except by direct means"
3708525165,On a combat hit this spell may cast Silence II on target of attack.  Lasts for 3.0 seconds.  Triggers about 1.0 times per minute.,1,,0,0,On a combat hit this spell may cast Silence II on target of attack.  Lasts for 3.0 seconds.  Triggers about 1.0 times per minute. | Stifles target | Does not affect Epic targets | Resistibility increases against targets higher than level 87. | Cannot be modified except by direct means
3718047799,On a hostile spell cast this spell may cast Silken Grace on caster.  Lasts for 15.0 seconds.  Triggers about 2.0 times per minute.,2,,0,0,On a hostile spell cast this spell may cast Silken Grace on caster.  Lasts for 15.0 seconds.  Triggers about 2.0 times per minute. | Increases Casting Speed of caster by 10.0%. | Cannot be modified except by direct means
3720942460,On a hostile spell hit this spell may cast Fear-Stricken Limbs on target of spell.  Lasts for 12.0 seconds.  Triggers about 1.8 times per minute.,1.8,,0,0,On a hostile spell hit this spell may cast Fear-Stricken Limbs on target of spell.  Lasts for 12.0 seconds.  Triggers about 1.8 times per minute. | Decreases Haste of target by 23.0. | Cannot be modified except by direct means
3729901147,On a melee hit this spell may cast Clearcut on target of attack.  Lasts for 8.0 seconds.  Triggers about 1.8 times per minute.,1.8,,0,0,On a melee hit this spell may cast Clearcut on target of attack.  Lasts for 8.0 seconds.  Triggers about 1.8 times per minute. | Inflicts 98 slashing damage on target instantly and every 2 seconds. | Cannot be modified except by direct means
3740376420,On any combat or spell hit this spell may cast Savagery II on caster.  Lasts for 20.0 seconds.  Triggers about 1.8 times per minute.,1.8,,0,0,On any combat or spell hit this spell may cast Savagery II on caster.  Lasts for 20.0 seconds.  Triggers about 1.8 times per minute. | Increases DPS of caster by 25.0. | Cannot be modified except by direct means
3765358268,On a spell cast this spell may cast Luminous Blessing on target of spell cast.  Lasts for 12.0 seconds.  Triggers about 1.8 times per minute.,1.8,,0,0,On a spell cast this spell may cast Luminous Blessing on target of spell cast.  Lasts for 12.0 seconds.  Triggers about 1.8 times per minute. | Increases the damage and healing amount of the caster's spells by 50 | Cannot be modified except by direct means
3784013571,On a spell cast this spell may cast Luminous Blessing on target of spell cast.  Lasts for 12.0 seconds.  Triggers about 1.8 times per minute.,1.8,,0,0,On a spell cast this spell may cast Luminous Blessing on target of spell cast.  Lasts for 12.0 seconds.  Triggers about 1.8 times per minute. | Increases the damage and healing amount of the caster's spells by 40 | Cannot be modified except by direct means
3806934134,On a combat hit this spell may cast Shock on target of attack.  Triggers about 1.8 times per minute.,1.8,,0,0,On a combat hit this spell may cast Shock on target of attack.  Triggers about 1.8 times per minute. | Inflicts 269 heat damage on target. | Cannot be modified except by direct means
3812984378,On a spell cast this spell may cast Fearless on caster.  Lasts for 15.0 seconds.  Triggers about 2.0 times per minute.,2,,0,0,On a spell cast this spell may cast Fearless on caster.  Lasts for 15.0 seconds.  Triggers about 2.0 times per minute. | Makes caster immune to Fear effects | Must not be engaged in pvp combat | Cannot be modified except by direct means
3845677955,On a melee hit this spell may cast Lacerating Whip on target of attack.  Lasts for 24.0 seconds.  Triggers about 1.8 times per minute.,1.8,,0,0,On a melee hit this spell may cast Lacerating Whip on target of attack.  Lasts for 24.0 seconds.  Triggers about 1.8 times per minute. | Inflicts 33 magic damage on target instantly and every 4 seconds. | Cannot be modified except by direct means
3849678209,On a damage spell hit this spell may cast Aura of the Chosen on caster.  Lasts for 24.0 seconds.  Triggers about 1.8 times per minute.,1.8,,0,0,On a damage spell hit this spell may cast Aura of the Chosen on caster.  Lasts for 24.0 seconds.  Triggers about 1.8 times per minute. | Increases DPS of pet by 5.0. | Increase pets melee damage by 5% and spell damage by 100. | Cannot be modified except by direct means
3881737217,On a healing spell cast this spell may cast Furious Spirit on target of spell cast.  Lasts for 24.0 seconds.  Triggers about 1.8 times per minute.,1.8,,0,0,On a healing spell cast this spell may cast Furious Spirit on target of spell cast.  Lasts for 24.0 seconds.  Triggers about 1.8 times per minute. | Increases STR and AGI of target by 220.0. | Increases Max Health of target by 10.0%. | Increases Max Power of target by 10.0%. | Cannot be modified except by direct means
3887855151,On a spell cast this spell may cast Plasma Boost on caster.  Lasts for 12.0 seconds.  Triggers about 1.8 times per minute.,1.8,,0,0,On a spell cast this spell may cast Plasma Boost on caster.  Lasts for 12.0 seconds.  Triggers about 1.8 times per minute. | Increases the base damage of hostile spells cast by 8%. | Cannot be modified except by direct means
3889571060,On a combat hit this spell may cast Shadow of Purity on target of attack.  Triggers about 1.6 times per minute.,1.6,,0,0,"On a combat hit this spell may cast Shadow of Purity on target of attack.  Triggers about 1.6 times per minute. | Decreases Threat to target by 900 | Must be flanking or behind | Increases Threat to target by 1,565 | Must be in front of | Cannot be modified except by direct means"
3949362836,On a hostile spell cast this spell may cast Mistmoore Sage's Absorption on target of spell.  Triggers about 1.0 times per minute.,1,,0,0,On a hostile spell cast this spell may cast Mistmoore Sage's Absorption on target of spell.  Triggers about 1.0 times per minute. | Decreases power of target by 206. | Increases power of caster by 205. | Cannot be modified except by direct means
3991571689,"On a successful dodge or parry, this spell has a 10% chance to increase threat to the target by 350.",0,,0,0,"On a successful dodge or parry, this spell has a 10% chance to increase threat to the target by 350."
4067556793,On a combat hit this spell may cast Languid Pace V on target of attack.  Lasts for 24.0 seconds.  Triggers about 1.4 times per minute.,1.4,,0,0,On a combat hit this spell may cast Languid Pace V on target of attack.  Lasts for 24.0 seconds.  Triggers about 1.4 times per minute. | Decreases Haste of target by 14.0. | Cannot be modified except by direct means
4162488826,On a combat hit this spell may cast Stun V on target of attack.  Lasts for 3.0 seconds.  Triggers about 1.0 times per minute.,1,,0,0,On a combat hit this spell may cast Stun V on target of attack.  Lasts for 3.0 seconds.  Triggers about 1.0 times per minute. | Stuns target | Does not affect Epic targets | Resistibility increases against targets higher than level 89. | Cannot be modified except by direct means
4196413884,On any combat or spell hit this spell may cast Gleaming Strike on target of attack.  Triggers about 1.6 times per minute.,1.6,magic,91,168,"On any combat or spell hit this spell may cast Gleaming Strike on target of attack.  Triggers about 1.6 times per minute. | Decreases Threat to target by 1,648 | Must be flanking or behind | Increases Threat to target by 2,313 | Must be in front of | Inflicts 91 - 168 magic damage on target. | Cannot be modified except by direct means"
4233949420,On any combat or spell hit this spell may cast Sledgefist on target of attack.  Triggers about 1.0 times per minute.,1,,0,0,On any combat or spell hit this spell may cast Sledgefist on target of attack.  Triggers about 1.0 times per minute. | Inflicts 448 crushing damage on target. | Cannot be modified except by direct means
4243055992,On a hostile spell cast this spell may cast Natural Spark on target of spell.  Triggers about 2.0 times per minute.,2,,0,0,On a hostile spell cast this spell may cast Natural Spark on target of spell.  Triggers about 2.0 times per minute. | Inflicts 102 heat damage on target. | Cannot be modified except by direct means
4252540491,On a combat hit this spell may cast Stun II on target of attack.  Lasts for 1.3 seconds.  Triggers about 1.0 times per minute.,1,,0,0,On a combat hit this spell may cast Stun II on target of attack.  Lasts for 1.3 seconds.  Triggers about 1.0 times per minute. | Stuns target | Does not affect Epic targets | Resistibility increases against targets higher than level 73. | Cannot be modified except by direct means
4262630986,On a hostile spell cast this spell may cast Direwood Thorns on target of spell.  Triggers about 2.4 times per minute.,2.4,,0,0,On a hostile spell cast this spell may cast Direwood Thorns on target of spell.  Triggers about 2.4 times per minute. | Inflicts 362 piercing damage on target. | Cannot be modified except by direct means
4290484807,On a damage spell hit this spell may cast Fetter on target of spell.  Lasts for 8.0 seconds.  Triggers about 4.0 times per minute.,4,,0,0,On a damage spell hit this spell may cast Fetter on target of spell.  Lasts for 8.0 seconds.  Triggers about 4.0 times per minute. | Decreases DPS of target by 6.0. | Cannot be modified except by direct means
